date, pm25, pm10, o3, no2, so2, co
2025/3/1, 170, 135, 17, 17, 19, 7
2025/3/2, 143, 143, 15, 17, 13, 10
2025/3/3, 158, 156, , 23, 16, 9
2025/3/4, 169, , , , , 
2025/2/1, 152, 130, 30, 18, 13, 6
2025/2/2, 157, 127, 23, 23, 13, 15
2025/2/3, 153, 132, 22, 21, 16, 14
2025/2/4, 160, 124, 30, 21, 5, 5
2025/2/5, 146, 134, 53, 19, 90, 9
2025/2/6, 154, 159, 40, 25, 17, 13
2025/2/7, 174, 173, 25, 25, 24, 19
2025/2/8, 185, , , , , 
2025/2/10, 141, 136, 23, 21, 8, 16
2025/2/11, 169, 127, 27, 21, 6, 
2025/2/12, 167, 129, 27, 19, 10, 
2025/2/13, 161, 173, , 28, 24, 
2025/2/14, 173, 161, 6, 28, 5, 
2025/2/15, 168, 140, 24, 20, 23, 
2025/2/16, 162, 127, 20, 21, 15, 
2025/2/17, 149, 157, 6, 28, 22, 
2025/2/18, 224, 170, 23, 23, 38, 
2025/2/19, 185, 249, 8, 27, 7, 
2025/2/20, 202, 85, 15, 19, 18, 
2025/2/21, 141, , , , , 
2025/2/24, 132, 141, 17, 19, 23, 7
2025/2/25, 151, 146, 21, 22, 22, 10
2025/2/26, 165, 152, 19, 22, 33, 16
2025/2/27, 174, 155, 21, 23, 17, 14
2025/2/28, 167, 159, 22, 18, 18, 7
2025/1/1, 167, 86, 36, 17, 5, 14
2025/1/2, 139, 91, 35, 19, 7, 14
2025/1/3, 134, 129, , 20, 8, 14
2025/1/4, 163, , , , , 
2025/1/7, 160, 111, 36, 18, 5, 14
2025/1/8, 161, 107, 39, 18, 5, 14
2025/1/9, 156, 125, 36, 21, 6, 14
2025/1/10, 168, , 16, 19, 2, 
2025/1/11, 157, , 37, 16, 2, 
2025/1/12, 157, 230, 32, 15, 4, 
2025/1/13, 159, 102, 33, 15, 3, 
2025/1/14, 178, , 31, 16, 5, 
2025/1/15, 179, , 32, 17, 5, 
2025/1/16, 185, 103, 30, 16, 5, 
2025/1/17, 175, 138, 33, 16, 6, 
2025/1/18, 168, 152, 46, 18, 10, 
2025/1/19, 179, 161, 41, 21, 11, 
2025/1/20, 176, 146, 38, 21, 6, 13
2025/1/21, 177, 165, 40, 21, 13, 15
2025/1/22, 187, 160, 32, 21, 13, 10
2025/1/23, 180, 152, 45, 22, 10, 11
2025/1/24, 173, 171, 43, 23, 13, 19
2025/1/25, 185, 161, 48, 21, 12, 20
2025/1/26, 182, 140, 39, 22, 13, 11
2025/1/27, 172, 133, 33, 22, 17, 11
2025/1/28, 164, 126, 27, 21, 15, 17
2025/1/29, 149, 147, 42, 20, 15, 29
2025/1/30, 187, , , , , 
2024/10/1, 110, 80, 30, 8, 3, 
2024/10/2, 145, 50, 17, 6, 3, 
2024/10/3, 77, 42, 12, 7, 2, 
2024/10/4, 56, 52, 19, 7, 4, 
2024/10/5, 61, 56, 25, 7, 4, 
2024/10/6, 61, 77, 36, 11, 4, 
2024/10/7, 121, 97, 32, 10, 4, 
2024/10/8, 149, 57, 15, 9, 4, 
2024/10/9, 96, 55, 17, 8, 8, 
2024/10/10, 103, 43, 22, 7, 4, 
2024/10/11, 78, 65, 1, 12, 5, 
2024/10/12, 145, 48, 26, 9, 4, 
2024/10/13, 76, 40, 33, 8, 4, 
2024/10/14, 64, 50, 28, 10, 5, 
2024/10/15, 77, 72, 37, 11, 6, 
2024/10/16, 119, 71, 21, 11, 4, 
2024/10/17, 135, 73, 16, 8, 4, 
2024/10/18, 105, 35, 14, 7, 5, 
2024/10/19, 85, 61, 3, 8, 5, 
2024/10/20, 92, , , , , 
2024/10/23, 151, 94, 26, 15, 5, 
2024/10/24, 152, 112, 39, 10, 8, 
2024/10/25, 167, 86, 35, 11, 7, 
2024/10/26, 156, 101, 46, 10, 8, 
2024/10/27, 168, 113, 35, 10, 7, 
2024/10/28, 160, 89, 26, 7, 6, 
2024/10/29, 145, 103, 31, 10, 8, 
2024/10/30, 153, 116, 34, 9, 10, 
2024/10/31, 170, 127, 29, 9, 14, 
2024/11/1, 196, 191, 30, 10, 10, 
2024/11/2, 231, 187, 27, 9, 10, 
2024/11/3, 212, 111, 25, 11, 8, 
2024/11/4, 161, 114, 35, 10, 9, 
2024/11/5, 159, 116, 33, 10, 11, 
2024/11/6, 153, 132, 35, 10, 13, 
2024/11/7, 168, 153, 28, 13, 14, 20
2024/11/8, 171, 129, 27, 11, 11, 12
2024/11/9, 165, 145, 29, 10, 13, 12
2024/11/10, 175, 130, 28, 12, 17, 11
2024/11/11, 175, 132, 22, 11, 17, 14
2024/11/12, 174, 114, 26, 12, 17, 13
2024/11/13, 163, 108, 27, 11, 22, 12
2024/11/14, 151, 100, 48, 12, 83, 17
2024/11/15, 144, 111, 24, 28, 13, 15
2024/11/16, 157, 111, 30, 2, 11, 20
2024/11/17, 164, 95, 23, 7, 13, 26
2024/11/18, 138, 89, 42, 11, 5, 12
2024/11/19, 154, 88, 31, 12, 6, 10
2024/11/20, 163, 93, 40, 15, 2, 10
2024/11/21, 162, 94, 26, 20, 6, 11
2024/11/22, 164, 109, 33, 21, 6, 13
2024/11/23, 176, 124, 3, 22, 2, 18
2024/11/24, 184, , , , , 
2024/11/28, 147, 98, 17, 17, 6, 12
2024/11/29, 162, 93, 17, 18, 7, 10
2024/11/30, 161, 103, 17, 18, 7, 10
2024/12/1, 170, 101, 30, 15, 37, 13
2024/12/2, 174, 87, 21, 7, 2, 9
2024/12/3, 157, 79, 24, 8, 1, 14
2024/12/4, 144, 85, 28, 15, 3, 
2024/12/5, 158, 87, 24, 13, 1, 
2024/12/6, 161, , , , , 
2024/12/18, 158, 118, 61, 23, 7, 14
2024/12/19, 186, 110, 42, 19, 1, 14
2024/12/20, 174, 100, 39, 17, 6, 14
2024/12/21, 154, 94, 26, 12, 5, 14
2024/12/22, 157, 88, 29, 13, 4, 14
2024/12/23, 165, 100, 33, 17, 3, 14
2024/12/24, 167, 110, 32, 18, 4, 14
2024/12/25, 174, 112, 34, 21, 7, 14
2024/12/26, 175, 101, 33, 18, 3, 14
2024/12/27, 166, 102, 26, 17, 4, 14
2024/12/28, 171, 98, 33, 13, 3, 
2024/12/29, 147, , , , , 
2024/7/1, 51, 50, 6, 2, 9, 
2024/7/2, 62, 50, 5, 2, 34, 
2024/7/3, 57, 50, 7, 3, 20, 
2024/7/4, 57, 37, 7, 2, 16, 
2024/7/5, 49, 50, 8, 3, 5, 
2024/7/6, 70, 33, 3, 9, 53, 
2024/7/7, 37, 28, 7, 5, 12, 
2024/7/8, 83, 20, 4, 3, , 
2024/7/9, 65, , , , , 
2024/7/11, 72, 37, 3, 2, 6, 
2024/7/12, 74, 35, 5, 2, 29, 
2024/7/13, 83, 59, 5, 1, 8, 
2024/7/14, 285, 608, 5, 2, 12, 
2024/7/15, 34, 47, , 2, , 
2024/7/16, 142, 34, 5, 1, 8, 
2024/7/17, 72, 67, 4, 2, 10, 
2024/7/18, 486, 24, 5, 4, , 
2024/7/19, 36, 20, 7, 5, , 
2024/7/20, 45, 19, 8, 2, , 
2024/7/21, 54, 30, 7, 2, , 
2024/7/22, 53, 20, 11, 3, 1, 
2024/7/23, 38, 32, 8, 3, 2, 
2024/7/24, 42, 20, 12, 2, 2, 
2024/7/25, 27, 34, 6, 2, 1, 
2024/7/26, 44, 29, 7, 2, 1, 
2024/7/27, 37, 48, 8, 2, 1, 
2024/7/28, 47, 38, 7, 2, 1, 
2024/7/29, 45, 44, 6, 3, , 
2024/7/30, 44, 33, 9, 3, 1, 
2024/7/31, 50, 32, 8, 3, 1, 
2024/8/1, 48, 23, 7, 3, 1, 
2024/8/2, 31, 24, 6, 2, 8, 
2024/8/3, 24, 26, 5, 3, 4, 
2024/8/4, 27, 27, 6, 3, 10, 
2024/8/5, 47, 28, 5, 4, 8, 
2024/8/6, 61, 30, 6, 6, 12, 
2024/8/7, 49, 34, 7, 6, 14, 
2024/8/8, 68, 36, 6, 6, 21, 
2024/8/9, 54, 28, 6, 6, 35, 
2024/8/10, 35, 29, 7, 6, 38, 
2024/8/11, 41, 31, 7, 6, 21, 
2024/8/12, 39, 35, 6, 7, 2, 
2024/8/13, 41, 41, 9, 7, 2, 
2024/8/14, 46, 41, 9, 7, 2, 
2024/8/15, 46, 40, 9, 7, 2, 
2024/8/16, 44, 41, 10, 8, 2, 
2024/8/17, 47, 56, 12, 8, 3, 
2024/8/18, 63, 45, 11, 8, 2, 
2024/8/19, 61, 42, 13, 10, 2, 
2024/8/20, 57, 53, 22, 8, 2, 
2024/8/21, 78, 49, 13, 10, 2, 
2024/8/22, 60, 18, 7, 7, 7, 
2024/8/23, 27, 20, 5, 8, 3, 
2024/8/24, 33, 24, 7, 6, 3, 
2024/8/25, 28, 32, 7, 6, 5, 
2024/8/26, 22, 26, 6, 6, 7, 
2024/8/27, 28, 32, 6, 7, 16, 
2024/8/28, 35, 30, 27, 7, 12, 
2024/8/29, 45, 34, 5, 7, 4, 
2024/8/30, 41, 29, 9, 6, 3, 
2024/8/31, 35, 35, 9, 6, 5, 
2024/9/1, 38, 36, 6, 6, 5, 
2024/9/2, 44, 40, 8, 6, 4, 
2024/9/3, 44, 34, 8, 6, 4, 
2024/9/4, 32, 28, 7, 6, 4, 
2024/9/5, 31, 41, 8, 7, 4, 
2024/9/6, 43, 30, 9, 6, 5, 
2024/9/7, 38, 33, 9, 6, 4, 
2024/9/8, 38, 33, 10, 6, 5, 
2024/9/9, 37, 29, 8, 6, 5, 
2024/9/10, 37, 31, 10, 7, 4, 
2024/9/11, 42, 42, 8, 6, 4, 
2024/9/12, 40, 48, 9, 5, 4, 
2024/9/13, 33, 36, 9, 7, 5, 
2024/9/14, 37, 26, 11, 9, 4, 
2024/9/15, 38, 62, 14, 8, 6, 
2024/9/16, 98, 58, 18, 8, 5, 
2024/9/17, 80, 67, 19, 7, 6, 
2024/9/18, 121, 61, 14, 13, 6, 
2024/9/19, 70, 63, 12, 16, 8, 
2024/9/20, 88, 60, 12, 15, 8, 
2024/9/21, 69, , , , , 
2024/9/24, 58, 23, 18, 16, 6, 
2024/9/25, 48, 17, 15, 7, 6, 
2024/9/26, 40, 12, 10, 7, 2, 
2024/9/27, 26, 17, 9, 7, 4, 
2024/9/28, 36, 27, 13, 7, 6, 
2024/9/29, 42, 33, 23, 8, 3, 
2024/9/30, 41, 66, 30, 9, 4, 
2024/4/23, 183, 88, 22, 6, 12, 9
2024/4/24, 185, 79, 23, 4, 18, 7
2024/4/25, 115, 60, 6, 3, 20, 
2024/4/26, 89, , , , , 
2024/4/29, 140, 107, 33, 3, 13, 
2024/4/30, 136, 88, 24, 3, , 
2024/5/1, 116, 86, 28, 3, , 
2024/5/2, 114, 93, 23, 3, , 
2024/5/3, 113, 77, 18, 5, , 
2024/5/4, 119, 73, 21, 5, , 
2024/5/5, 108, 60, 11, 4, , 
2024/5/6, 73, 71, 15, 4, 18, 
2024/5/7, 81, 66, 15, 3, 9, 
2024/5/8, 84, 55, 14, 3, 4, 
2024/5/9, 62, 58, 12, 3, 4, 
2024/5/10, 53, 76, 7, 3, 6, 
2024/5/11, 80, , , , , 
2024/5/13, 111, 88, 34, 5, 6, 
2024/5/14, 155, 106, , 9, 6, 
2024/5/15, 177, 77, 15, 4, 4, 
2024/5/16, 103, 67, 65, 3, 46, 
2024/5/17, 126, 69, 30, 2, 4, 
2024/5/18, 135, 69, 23, 2, 5, 
2024/5/19, 106, 55, 19, 2, 4, 
2024/5/20, 78, 63, 21, 2, 4, 
2024/5/21, 85, 56, 15, 2, 3, 
2024/5/22, 79, 67, 17, 3, 4, 
2024/5/23, 106, 64, 18, 2, 3, 
2024/5/24, 134, 63, 15, 2, 3, 
2024/5/25, 100, 59, 15, 1, 2, 
2024/5/26, 84, 71, 11, 2, 4, 
2024/5/27, 87, 59, 14, 1, 6, 
2024/5/28, 57, 73, 15, 2, 6, 
2024/5/29, 97, 68, 16, 1, 5, 
2024/5/30, 103, 59, 18, 2, 5, 
2024/5/31, 89, 55, 19, 2, 8, 
2024/6/1, 252, 50, 19, 2, 7, 
2024/6/2, 48, 69, 17, 2, 4, 
2024/6/3, 107, 73, 17, 1, 5, 
2024/6/4, 132, 57, 11, 2, 5, 
2024/6/5, 142, 55, , 1, 2, 
2024/6/6, 89, 65, 8, 1, 2, 
2024/6/7, 69, 57, 13, 2, 2, 
2024/6/8, 76, 54, 8, 2, 3, 
2024/6/9, 55, 26, 16, 2, 4, 
2024/6/10, 68, 34, 7, 2, 3, 
2024/6/11, 68, 34, 6, 2, 20, 
2024/6/12, 47, 34, 7, 2, 9, 
2024/6/13, 43, 30, 5, 2, 11, 
2024/6/14, 46, 33, 8, 2, 7, 
2024/6/15, 55, 43, 5, 2, 3, 
2024/6/16, 58, 35, 2, 2, 7, 
2024/6/17, 54, 44, 2, 2, 3, 
2024/6/18, 67, 40, 6, 2, 2, 
2024/6/19, 76, 44, 1, 3, 2, 
2024/6/20, 74, 50, 5, 2, 2, 
2024/6/21, 63, 37, 5, 3, 2, 
2024/6/22, 62, 56, 3, 2, 3, 
2024/6/23, 78, , , , , 
2024/6/27, 55, 29, 5, 2, 2, 
2024/6/28, 57, 46, 2, 2, 4, 
2024/6/29, 63, 44, 3, 2, 4, 
2024/6/30, 61, 49, 38, 2, 21, 
2024/1/20, 229, , , , , 
2024/1/22, 248, 185, 7, 8, 3, 7
2024/1/23, 210, 131, 10, 7, 3, 8
2024/1/24, 177, 143, 11, 7, 4, 8
2024/1/25, 179, 203, 27, 7, 10, 9
2024/1/26, 199, 192, 6, , 1, 7
2024/1/27, 199, 161, 8, , 9, 11
2024/1/28, 176, 156, 17, 7, 10, 15
2024/1/29, 184, , , , , 
2023/10/9, 163, 94, 32, 9, 2, 45
2023/10/10, 146, 85, 20, 9, 3, 52
2023/10/11, 137, 105, 34, 15, 4, 25
2023/10/12, 149, 130, 63, 8, 5, 39
2023/10/13, 170, 133, 53, 9, 4, 42
2023/10/14, 170, 118, 48, 6, 3, 37
2023/10/15, 162, 133, 52, 7, 3, 38
2023/10/16, 169, 130, 52, 8, 3, 40
2023/10/17, 168, 135, 49, 7, 3, 34
2023/10/18, 170, 126, 44, 9, 5, 31
2023/10/19, 165, 138, 63, 7, 4, 22
2023/10/20, 172, 108, 39, 7, 5, 13
2023/10/21, 152, 143, 54, 6, 4, 2
2023/10/22, 179, 142, 57, 5, 4, 2
2023/10/23, 178, 156, 57, 7, 4, 4
2023/10/24, 186, 154, 3, 7, 3, 6
2023/10/25, 185, , , , , 
2023/10/27, 154, 127, 2, 7, , 17
2023/10/28, 172, , , , , 
2023/10/31, 151, 76, 49, 7, 5, 14
2023/11/1, 151, 94, 50, 6, 4, 10
2023/11/2, 158, 129, 44, 7, 5, 11
2023/11/3, 182, 130, 41, 9, 7, 14
2023/11/4, 184, 134, 43, 10, 4, 15
2023/11/5, 185, 137, 45, 6, 4, 14
2023/11/6, 187, 110, 37, 6, 5, 10
2023/11/7, 164, 76, 25, 6, 4, 11
2023/11/8, 138, 67, 37, 5, 3, 11
2023/11/9, 132, 50, 34, 4, 3, 10
2023/11/10, 97, 64, , 5, 2, 11
2023/11/11, 126, , , , , 
2023/11/19, 158, 83, 3, 7, 1, 14
2023/11/20, 151, , , , , 
2023/11/22, 158, 104, , 2, , 12
2023/11/23, 168, 123, , 2, 1, 13
2023/11/24, 178, 66, 18, 2, 6, 11
2023/11/25, 131, , , , , 
2023/11/27, 67, 64, 21, 8, 5, 4
2023/11/28, 121, 81, 18, 8, 3, 4
2023/11/29, 153, 80, 21, 6, 9, 4
2023/11/30, 153, 87, 25, 8, 11, 4
2023/12/1, 158, , , , , 
2023/12/4, 164, 96, 15, 6, 2, 11
2023/12/5, 163, 99, 30, 7, 8, 10
2023/12/6, 165, 88, 18, 7, 2, 9
2023/12/7, 158, , , , , 
2023/12/9, 160, 93, 21, 2, 3, 11
2023/12/10, 160, 95, 10, 12, 10, 14
2023/12/11, 162, , , , , 
2023/12/14, 161, 121, 1, 19, 7, 13
2023/12/15, 177, 104, 21, 22, 7, 13
2023/12/16, 167, 104, 36, 13, 7, 12
2023/12/17, 167, 94, 22, 11, 3, 11
2023/12/18, 162, 97, 17, 2, 2, 10
2023/12/19, 164, 99, 18, 9, 2, 12
2023/12/20, 165, 125, 24, 15, 8, 13
2023/12/21, 180, 140, 8, 3, 6, 19
2023/12/22, 188, , , , , 
2023/7/1, 74, 29, 4, 12, 11, 1
2023/7/2, 68, 28, 6, 17, 11, 3
2023/7/3, 66, 24, 4, 30, 7, 4
2023/7/4, 59, 35, 8, 9, 6, 3
2023/7/5, 77, 24, 8, 8, 6, 3
2023/7/6, 58, 22, 6, 7, 7, 4
2023/7/7, 53, 46, 6, 7, 5, 3
2023/7/8, 99, 43, 6, 7, 7, 3
2023/7/9, 90, 47, 7, 7, 5, 3
2023/7/10, 97, 52, 7, 7, 5, 3
2023/7/11, 109, 55, 5, 5, 4, 4
2023/7/12, 118, 6, , 1, 7, 3
2023/7/13, 18, 16, 3, 1, 6, 3
2023/7/14, 45, 48, 4, 1, 6, 4
2023/7/15, 103, 42, 5, 1, 5, 3
2023/7/16, 88, 27, 2, 1, 4, 3
2023/7/17, 65, 31, 4, 1, 4, 4
2023/7/18, 73, 40, 5, 1, 6, 4
2023/7/19, 91, 52, 4, 1, 4, 4
2023/7/20, 118, 33, 4, 2, 5, 1
2023/7/21, 78, , , , , 
2023/7/24, 44, 41, 2, 1, 6, 3
2023/7/25, 88, 26, 1, 1, 5, 4
2023/7/26, 63, 29, 3, 2, 7, 5
2023/7/27, 72, 35, 2, 2, 5, 6
2023/7/28, 79, , , , , 
2023/8/1, 91, 46, 7, 4, 4, 12
2023/8/2, 96, 50, 6, 4, 3, 13
2023/8/3, 104, 46, 6, 4, 3, 13
2023/8/4, 95, 49, 7, 4, 3, 13
2023/8/5, 105, 51, 9, 3, 2, 13
2023/8/6, 108, 50, 7, 3, 4, 13
2023/8/7, 103, 50, 7, 2, 3, 10
2023/8/8, 107, 51, 6, 2, 3, 10
2023/8/9, 109, 47, 7, 2, 3, 7
2023/8/10, 102, 46, 7, 2, 5, 8
2023/8/11, 98, 47, 6, 2, 3, 6
2023/8/12, 100, 46, 8, 2, 2, 8
2023/8/13, 96, 46, 5, 2, 4, 6
2023/8/14, 99, 39, 5, 2, 6, 9
2023/8/15, 84, 40, 6, 2, 2, 7
2023/8/16, 85, 38, 6, 3, 2, 8
2023/8/17, 82, 33, 5, 2, 3, 8
2023/8/18, 74, 40, 5, 2, 4, 6
2023/8/19, 85, , , , , 
2023/8/21, 96, 32, 3, 2, 1, 11
2023/8/22, 72, 31, 4, 2, 2, 12
2023/8/23, 70, 29, 3, 2, 3, 19
2023/8/24, 67, 32, 5, 2, 3, 21
2023/8/25, 70, 24, 4, 2, 3, 23
2023/8/26, 57, 24, 5, 2, 2, 20
2023/8/27, 57, 35, 4, 2, 2, 23
2023/8/28, 79, 53, 10, 2, 3, 14
2023/8/29, 111, 60, 13, 3, 2, 12
2023/8/30, 130, 67, 15, 3, 2, 13
2023/8/31, 144, 65, 16, 3, 2, 11
2023/9/1, 142, 54, 7, 3, 3, 14
2023/9/2, 117, 56, 3, 8, 3, 15
2023/9/3, 121, 64, 11, 6, 4, 16
2023/9/4, 136, 70, 11, 2, 3, 10
2023/9/5, 146, 61, 4, 3, 2, 10
2023/9/6, 130, 43, 3, 4, 3, 9
2023/9/7, 94, 41, 3, 1, 2, 5
2023/9/8, 91, 48, 5, 1, 2, 5
2023/9/9, 101, 38, 8, , 2, 5
2023/9/10, 84, 42, 9, 4, 2, 5
2023/9/11, 88, 46, 9, 2, 2, 4
2023/9/12, 96, 45, 11, 4, 3, 5
2023/9/13, 92, , , , , 
2023/9/15, 96, 39, 5, 9, 4, 8
2023/9/16, 83, 39, 7, 8, 3, 8
2023/9/17, 83, 41, 6, 7, 4, 7
2023/9/18, 84, 32, 6, 8, 4, 8
2023/9/19, 72, 30, 4, 7, 4, 8
2023/9/20, 67, 25, 10, 5, 3, 9
2023/9/21, 57, 29, 2, 3, 2, 8
2023/9/22, 65, 38, 4, 10, 3, 9
2023/9/23, 81, 43, 6, 10, 2, 10
2023/9/24, 93, 56, 3, 9, 6, 9
2023/9/25, 100, 56, 1, 10, , 9
2023/9/26, 121, , , , , 
2023/4/3, 151, 73, 15, 8, 12, 5
2023/4/4, 153, 76, 17, 8, 12, 8
2023/4/5, 154, 95, 28, 8, 12, 6
2023/4/6, 169, 112, 30, 6, 15, 4
2023/4/7, 181, , , , , 
2023/4/24, 155, 76, 22, 2, 12, 2
2023/4/25, 153, 67, 15, 2, 13, 8
2023/4/26, 140, 70, 11, 2, 11, 12
2023/4/27, 141, 64, 24, 2, 11, 5
2023/4/28, 136, 64, 22, 2, 12, 6
2023/4/29, 137, 60, 15, 2, 12, 6
2023/4/30, 125, 56, 27, 2, 12, 6
2023/5/1, 120, 60, 21, 2, 10, 5
2023/5/2, 131, 65, 15, 2, 12, 
2023/5/3, 142, 65, 24, 2, 13, 
2023/5/4, 137, 70, 17, 3, 11, 5
2023/5/5, 147, 72, 11, 3, 13, 4
2023/5/6, 148, 70, 13, 2, 9, 4
2023/5/7, 144, 68, 15, 5, 13, 6
2023/5/8, 138, 78, 18, 9, 10, 15
2023/5/9, 156, 87, 24, 27, 11, 17
2023/5/10, 165, 91, 25, 30, 16, 33
2023/5/11, 169, 81, 28, 24, 17, 29
2023/5/12, 162, 70, 21, 21, 15, 22
2023/5/13, 152, , , , , 
2023/5/16, 126, 60, 18, 15, 12, 8
2023/5/17, 126, 60, 17, 14, 9, 8
2023/5/18, 127, 55, 19, 14, 13, 7
2023/5/19, 118, , , , , 
2023/5/22, 126, 66, 17, 13, 13, 5
2023/5/23, 141, 55, 14, 13, 11, 5
2023/5/24, 115, 44, 12, 13, 12, 6
2023/5/25, 93, 45, 11, 12, 14, 4
2023/5/26, 99, 48, 12, 10, 11, 
2023/5/27, 101, 48, 15, 10, 12, 
2023/5/28, 99, 53, 17, 10, 10, 2
2023/5/29, 114, 65, 32, 10, 10, 3
2023/5/30, 135, 68, 25, 10, 12, 15
2023/5/31, 141, 62, 21, 10, 9, 7
2023/6/1, 134, 53, 14, 10, 10, 7
2023/6/2, 113, , , , , 
2023/6/6, 151, 55, 13, 11, 14, 42
2023/6/7, 118, 42, 18, 11, 13, 37
2023/6/8, 88, 35, 15, 12, 16, 41
2023/6/9, 77, 42, 14, 12, 17, 40
2023/6/10, 87, 50, 11, 12, 13, 39
2023/6/11, 103, 50, 9, 11, 14, 41
2023/6/12, 102, 46, 6, 12, 13, 39
2023/6/13, 98, 47, 3, 13, 18, 24
2023/6/14, 100, 42, 7, 10, 19, 19
2023/6/15, 89, 48, 6, 10, 13, 25
2023/6/16, 100, 50, 10, 9, 17, 29
2023/6/17, 106, 55, 9, 8, 11, 27
2023/6/18, 116, 55, 11, 8, 13, 29
2023/6/19, 118, 60, 13, 8, 10, 31
2023/6/20, 132, 58, 10, 9, 12, 19
2023/6/21, 125, 55, 9, 10, 12, 19
2023/6/22, 120, 51, 6, 9, 10, 15
2023/6/23, 108, , , , , 
2023/6/28, 114, 26, , 10, 10, 1
2023/6/29, 65, 20, , 10, 12, 1
2023/6/30, 51, 31, 2, 11, 17, 1
2023/1/2, 200, 159, 37, 18, 8, 11
2023/1/3, 225, 167, 5, 16, 13, 21
2023/1/4, 237, , , , , 
2023/1/10, 224, 149, 61, 22, 10, 18
2023/1/11, 213, 134, 62, 20, 9, 18
2023/1/12, 199, 139, 34, 13, 12, 12
2023/1/13, 213, 158, 58, 16, 7, 11
2023/1/14, 228, 149, 77, 18, 11, 15
2023/1/15, 216, 161, 59, 24, , 21
2023/1/16, 232, 181, 59, 23, , 21
2023/1/17, 254, 184, 60, 17, , 25
2023/1/18, 251, 191, 57, 20, , 27
2023/1/19, 260, 169, 64, 17, , 24
2023/1/20, 240, 150, 52, 16, 6, 24
2023/1/21, 217, 127, 49, 14, 7, 
2023/1/22, 194, 140, 47, 16, 6, 12
2023/1/23, 205, 144, 44, 15, 6, 12
2023/1/24, 208, 151, 53, 16, 5, 13
2023/1/25, 214, 170, 65, 17, 6, 14
2023/1/26, 237, 185, 59, 16, 5, 18
2023/1/27, 249, 161, 40, 16, 10, 18
2023/1/28, 225, 117, 39, 13, 4, 14
2023/1/29, 187, 127, 43, 14, 4, 14
2023/1/30, 197, 161, 52, 15, 4, 13
2023/1/31, 213, 144, 42, 13, 6, 19
2023/2/1, 205, 120, 50, 13, 7, 14
2023/2/2, 188, 144, 54, 15, 7, 17
2023/2/3, 210, 147, 63, 16, 6, 18
2023/2/4, 212, 136, 62, 15, 5, 21
2023/2/5, 203, 149, 64, 17, 7, 18
2023/2/6, 212, 134, 38, 15, 6, 17
2023/2/7, 199, 163, 51, 17, 6, 19
2023/2/8, 229, 158, 59, 17, 9, 23
2023/2/9, 224, 153, 50, 16, 6, 24
2023/2/10, 212, 143, 40, 14, 6, 24
2023/2/11, 206, , , , , 
2023/2/14, 211, 151, 46, 18, 13, 25
2023/2/15, 216, 173, 34, 18, 10, 24
2023/2/16, 234, 163, 35, 19, 15, 28
2023/2/17, 228, 149, 33, 18, 8, 26
2023/2/18, 214, 143, 51, 18, 9, 28
2023/2/19, 208, 140, 34, 19, 9, 30
2023/2/20, 204, 144, 30, 19, 6, 24
2023/2/21, 212, 112, 21, 18, 5, 4
2023/2/22, 182, 147, 36, 20, 6, 8
2023/2/23, 213, 176, 39, 20, 7, 7
2023/2/24, 236, 164, 31, 20, 7, 6
2023/2/25, 226, 149, 32, 19, 7, 6
2023/2/26, 215, 147, 23, 19, 6, 5
2023/2/27, 213, 148, 30, 20, 8, 6
2023/2/28, 214, 159, 21, 20, 7, 8
2023/3/1, 225, 167, 30, 21, 7, 7
2023/3/2, 230, 196, 27, 22, 11, 8
2023/3/3, 255, , , , , 
2023/3/21, 71, , , , , 
2023/3/25, 131, 79, 17, 12, 2, 1
2023/3/26, 158, 75, 17, 12, 3, 5
2023/3/27, 155, 98, 18, 13, 4, 6
2023/3/28, 173, 91, 17, 12, 4, 11
2023/3/29, 169, 84, 14, 10, 2, 8
2023/3/30, 164, 60, 9, 8, 5, 1
2023/3/31, 134, , , , , 
2022/10/1, 106, 63, , 9, 3, 17
2022/10/2, 115, 53, 10, 6, 3, 7
2022/10/3, 89, 60, 20, 3, 5, 8
2022/10/4, 105, , , , , 
2022/10/7, 45, 14, 11, 2, 2, 12
2022/10/8, 31, , , , , 
2022/10/10, 76, , , , , 
2022/10/12, 83, , , , , 
2022/10/14, 83, 74, 31, 1, 8, 10
2022/10/15, 111, 93, 17, 7, 3, 9
2022/10/16, 135, , , , , 
2022/10/24, 168, 177, 48, 7, 13, 14
2022/10/25, 191, 116, 40, 8, 8, 14
2022/10/26, 161, 139, 44, 9, 12, 15
2022/10/27, 173, 97, 45, 10, 8, 14
2022/10/28, 152, 104, 38, 9, 9, 14
2022/10/29, 157, 99, 41, 10, 11, 14
2022/10/30, 151, 99, 45, 12, 13, 15
2022/10/31, 156, 111, 43, 13, 9, 17
2022/11/1, 157, 115, 50, 12, 9, 18
2022/11/2, 165, 108, 42, 13, 8, 18
2022/11/3, 162, 115, 43, 11, 7, 19
2022/11/4, 165, 111, 47, 12, 10, 19
2022/11/5, 163, 116, 58, 10, 13, 24
2022/11/6, 168, 112, 53, 11, 13, 22
2022/11/7, 168, 123, 45, 11, 11, 13
2022/11/8, 174, 129, 48, 12, 12, 13
2022/11/9, 177, 117, 45, 12, 13, 9
2022/11/10, 166, 122, 42, 12, 18, 9
2022/11/11, 171, 121, 46, 12, 11, 9
2022/11/12, 171, 115, 54, 11, 15, 9
2022/11/13, 166, 130, 61, 9, 15, 11
2022/11/14, 176, 141, 55, 3, 9, 14
2022/11/15, 183, 130, 37, 5, 6, 11
2022/11/16, 176, 111, 64, 4, 5, 12
2022/11/17, 164, 101, 65, 4, 4, 10
2022/11/18, 156, 120, 64, 4, 1, 12
2022/11/19, 169, 107, 73, 4, 5, 13
2022/11/20, 161, 120, 57, 5, 4, 11
2022/11/21, 169, 142, 59, 5, 5, 15
2022/11/22, 184, 172, 55, 5, 4, 16
2022/11/23, 197, 151, 59, 6, 4, 18
2022/11/24, 190, 161, 58, 6, 6, 18
2022/11/25, 196, 168, 49, 6, 2, 20
2022/11/26, 201, 162, 62, 5, 6, 19
2022/11/27, 197, 116, 46, 4, 3, 17
2022/11/28, 170, 132, 53, 6, 1, 19
2022/11/29, 180, 160, 57, 6, 2, 19
2022/11/30, 193, 168, 60, 6, 3, 20
2022/12/1, 200, 156, 58, 6, 5, 19
2022/12/2, 193, 160, 59, 6, 5, 21
2022/12/3, 195, 168, 55, 7, 4, 21
2022/12/4, 202, 173, 59, 6, 3, 22
2022/12/5, 211, 173, 63, 6, 5, 21
2022/12/6, 240, 160, 75, 7, 12, 21
2022/12/7, 220, 143, 61, 6, 5, 19
2022/12/8, 201, 122, 59, 6, 4, 19
2022/12/9, 185, 133, 69, 6, 4, 20
2022/12/10, 196, 135, 68, 6, 8, 21
2022/12/11, 199, 117, 47, 6, 7, 21
2022/12/12, 182, 124, 29, 7, 7, 22
2022/12/13, 191, 101, 37, 6, 9, 21
2022/12/14, 166, 100, 47, 6, 3, 21
2022/12/15, 172, 113, 58, 7, 7, 23
2022/12/16, 181, 113, 60, 6, 6, 22
2022/12/17, 181, 122, 59, 6, 5, 23
2022/12/18, 187, 108, 57, 6, 8, 21
2022/12/19, 176, 128, 52, 6, 8, 24
2022/12/20, 192, 152, 56, 6, 8, 25
2022/12/21, 214, 155, 61, 8, 6, 27
2022/12/22, 218, 156, 67, 8, 6, 27
2022/12/23, 218, 116, 59, 10, 12, 34
2022/12/24, 183, 144, 62, 13, 20, 30
2022/12/25, 209, 142, 57, 12, 13, 14
2022/12/26, 209, 162, 65, 9, 4, 6
2022/12/27, 230, 155, 56, 9, 6, 10
2022/12/28, 222, 149, 50, 10, 5, 9
2022/12/29, 216, 187, 58, 11, 4, 8
2022/12/30, 244, 153, 58, 12, 5, 9
2022/12/31, 221, 116, 64, 13, 7, 9
2023/1/1, 184, 135, 65, 17, 10, 10
2022/7/1, 41, 40, 7, 4, , 10
2022/7/2, 78, 37, 7, 5, 2, 
2022/7/3, 72, 22, 5, 4, 2, 
2022/7/4, 51, 16, 3, 3, 1, 7
2022/7/5, 37, 18, 6, 4, , 6
2022/7/6, 40, 33, 7, 9, 1, 6
2022/7/7, 66, 37, 3, 6, , 6
2022/7/8, 73, , , , , 
2022/9/16, 50, 23, , 4, 1, 
2022/9/17, 45, , , , , 
2022/9/20, 61, 40, 2, 5, 1, 8
2022/9/21, 71, 37, 5, 4, 7, 6
2022/9/22, 68, , , , , 
2022/9/26, 80, , , , , 
2022/9/30, 124, 62, 11, 8, 5, 7
2022/4/1, 193, , , , , 
2022/4/3, 162, 81, 12, 9, , 17
2022/4/4, 149, 69, 22, 9, 2, 18
2022/4/5, 135, 70, 22, 8, 1, 18
2022/4/6, 137, 65, 22, 9, 1, 19
2022/4/7, 124, 60, 12, 8, 2, 20
2022/4/8, 112, 55, 25, 6, 2, 21
2022/4/9, 101, 49, 24, 10, 3, 22
2022/4/10, 87, 58, 22, 8, 1, 23
2022/4/11, 109, 79, 12, 11, 1, 26
2022/4/12, 141, 74, 22, 13, 3, 26
2022/4/13, 127, 60, 23, 10, 1, 26
2022/4/14, 111, 55, 22, 9, 4, 25
2022/4/15, 100, 63, 11, 10, , 24
2022/4/16, 118, 62, 22, 11, , 23
2022/4/17, 117, 51, 49, 9, 3, 21
2022/4/18, 96, 60, 21, 3, 1, 19
2022/4/19, 113, 63, 11, , 1, 20
2022/4/20, 123, 90, 21, , 25, 22
2022/4/21, 155, 90, 21, , , 22
2022/4/22, 152, 81, 12, 1, , 22
2022/4/23, 149, 62, 11, , , 20
2022/4/24, 118, 76, 21, , , 22
2022/4/25, 137, 57, 21, 1, 236, 21
2022/4/26, 109, 67, 20, 1, , 21
2022/4/27, 123, 67, 21, 1, , 20
2022/4/28, 122, 55, 21, , , 19
2022/4/29, 101, 55, 21, , , 20
2022/4/30, 104, 44, 11, 1, , 19
2022/5/1, 83, 51, 21, 1, 97, 19
2022/5/2, 94, 56, 15, 1, 5, 19
2022/5/3, 101, 64, 10, 1, 2, 19
2022/5/4, 122, 67, 21, 2, 5, 19
2022/5/5, 128, 92, 10, 1, 5, 20
2022/5/6, 156, 103, 21, 1, 5, 20
2022/5/7, 167, 83, 17, 1, 2, 19
2022/5/8, 154, 64, 10, 1, 2, 18
2022/5/9, 124, 60, 20, 1, 5, 17
2022/5/10, 114, 63, 11, 1, 2, 17
2022/5/11, 123, 62, 11, 1, , 16
2022/5/12, 118, 70, 10, 1, 2, 15
2022/5/13, 135, 82, 11, 1, 2, 15
2022/5/14, 152, 64, 14, 1, 3, 15
2022/5/15, 118, 69, 22, 1, 2, 15
2022/5/16, 128, 110, 11, 1, 5, 14
2022/5/17, 170, 138, 11, 29, 22, 14
2022/5/18, 186, 130, 11, 89, , 16
2022/5/19, 182, 96, 11, 37, , 12
2022/5/20, 163, 78, 11, 32, , 
2022/5/21, 150, 60, 21, 27, , 
2022/5/22, 111, 42, 11, 23, 3, 
2022/5/23, 80, 48, 11, 20, , 
2022/5/24, 87, 49, 11, 17, 2, 4
2022/5/25, 90, 54, 10, 17, 1, 8
2022/5/26, 97, 45, 21, 16, , 7
2022/5/27, 82, 34, 21, 12, 1, 7
2022/5/28, 67, 36, 11, 16, , 7
2022/5/29, 69, 46, 11, 16, , 7
2022/5/30, 84, , 21, 14, , 7
2022/6/3, 131, 49, 17, 9, 1, 9
2022/6/4, 87, 43, 25, 13, 3, 9
2022/6/5, 79, 41, 13, 11, 1, 8
2022/6/6, 79, 40, 14, 10, , 9
2022/6/7, 76, 21, 24, 11, , 9
2022/6/8, 50, 23, 26, 12, 1, 9
2022/6/9, 51, 40, 12, 13, , 11
2022/6/10, 77, 16, 11, 6, , 9
2022/6/11, 39, 17, 11, 7, 1, 9
2022/6/12, 41, 26, 21, 7, 2, 9
2022/6/13, 55, 33, 6, 6, , 10
2022/6/14, 65, 26, 7, 12, , 10
2022/6/15, 56, 34, 7, 12, , 11
2022/6/16, 66, 37, 13, 4, , 11
2022/6/17, 70, 29, 6, 12, , 10
2022/6/18, 61, 13, 7, 11, , 11
2022/6/19, 31, 12, 6, 4, , 11
2022/6/20, 31, 14, 13, 5, 1, 11
2022/6/21, 35, 23, 6, 5, , 12
2022/6/22, 52, 26, 9, 6, , 12
2022/6/23, 56, 30, 8, 11, , 13
2022/6/24, 59, 18, 23, 4, 2, 13
2022/6/25, 41, 11, 12, 11, , 12
2022/6/26, 26, 17, 9, 11, 2, 13
2022/6/27, 41, 13, 7, 3, , 13
2022/6/28, 33, , , , , 
2022/1/3, 159, 111, 14, 14, 7, 38
2022/1/4, 168, 110, 12, 17, 11, 38
2022/1/5, 168, 89, 9, 9, 4, 36
2022/1/6, 151, 99, 10, 10, 11, 36
2022/1/7, 162, 76, 2, 9, 14, 35
2022/1/8, 139, 54, 13, 6, 6, 32
2022/1/9, 94, 63, 11, 11, 8, 29
2022/1/10, 110, 90, 8, 14, 8, 34
2022/1/11, 156, 82, 8, 14, 16, 35
2022/1/12, 144, 98, 8, 9, , 39
2022/1/13, 162, 100, 12, 14, 3, 21
2022/1/14, 159, 100, 11, 14, 2, 5
2022/1/15, 162, 92, 23, 6, 2, 5
2022/1/16, 153, 91, 20, 17, 12, 12
2022/1/17, 154, 102, 23, 15, , 2
2022/1/18, 161, 100, 21, 8, 2, 2
2022/1/19, 159, 92, 22, 11, , 3
2022/1/20, 150, 71, 20, 9, 2, 3
2022/1/21, 125, 67, 15, 11, , 2
2022/1/22, 122, 518, 22, 4, , 1
2022/1/23, 363, 243, 20, 6, 1, 3
2022/1/24, 247, 164, 23, 6, 3, 
2022/1/25, 205, 143, 19, 9, 1, 
2022/1/26, 192, 123, 18, 14, 7, 22
2022/1/27, 178, 104, 17, 13, 10, 21
2022/1/28, 166, 106, 19, 16, 15, 25
2022/1/29, 167, 103, 13, 21, 11, 22
2022/1/30, 165, 104, 21, 19, 14, 16
2022/1/31, 165, 106, 14, 27, 16, 
2022/2/1, 163, 110, 16, 25, 27, 
2022/2/2, 170, 93, 19, 16, 18, 13
2022/2/3, 153, 126, 22, 10, 2, 6
2022/2/4, 179, 160, 21, 9, , 9
2022/2/5, 204, 143, 10, 12, 9, 23
2022/2/6, 191, 102, 23, 14, 7, 25
2022/2/7, 167, 71, 25, 5, , 10
2022/2/8, 133, 79, 27, 12, , 12
2022/2/9, 145, 100, 15, 13, , 14
2022/2/10, 164, 98, 14, 6, 1, 13
2022/2/11, 160, 97, 23, 8, 1, 15
2022/2/12, 159, 107, 13, 15, 1, 18
2022/2/13, 165, 89, 24, 15, 3, 
2022/2/14, 153, 66, 22, 12, 1, 17
2022/2/15, 123, 59, 11, 8, 1, 20
2022/2/16, 111, 72, 11, 16, 2, 21
2022/2/17, 132, 91, 11, 9, 1, 21
2022/2/18, 160, 137, 10, 18, , 23
2022/2/19, 151, 83, 11, 5, 1, 21
2022/2/20, 147, 95, 21, 9, 1, 23
2022/2/21, 159, 94, 10, 16, 2, 23
2022/2/22, 147, 89, 16, 18, 1, 24
2022/2/23, 153, 114, 9, 13, 1, 27
2022/2/24, 173, 130, 19, 11, 1, 25
2022/2/25, 184, 130, 9, 13, 1, 25
2022/2/26, 184, 105, 14, 17, 3, 26
2022/2/27, 168, 113, 10, 10, 1, 27
2022/2/28, 173, 110, 15, 16, 2, 27
2022/3/1, 170, 126, 20, 15, 4, 29
2022/3/2, 179, 115, 22, 21, 6, 30
2022/3/3, 172, 102, 14, 14, 2, 26
2022/3/4, 162, 103, 20, 16, 5, 28
2022/3/5, 164, 110, 20, 13, 1, 30
2022/3/6, 169, 104, 19, 10, 6, 29
2022/3/7, 166, 122, 16, 11, 4, 30
2022/3/8, 177, 112, 15, 18, , 23
2022/3/9, 170, 112, 15, 16, 2, 14
2022/3/10, 171, 108, 16, 14, 3, 12
2022/3/11, 167, 84, 9, 7, 3, 11
2022/3/12, 147, 106, 8, 16, 4, 12
2022/3/13, 165, 99, 14, 17, 8, 12
2022/3/14, 160, 115, 14, 10, 5, 15
2022/3/15, 173, 110, 7, 19, 3, 16
2022/3/16, 166, 114, 9, 12, 4, 18
2022/3/17, 171, 105, 10, 7, 4, 18
2022/3/18, 162, 67, 4, 9, 2, 15
2022/3/19, 127, 72, 9, 4, 1, 15
2022/3/20, 140, 97, 7, 5, 2, 17
2022/3/21, 164, 114, 7, 19, 6, 20
2022/3/22, 171, 116, 2, 11, 8, 19
2022/3/23, 172, 63, 3, 11, 5, 18
2022/3/24, 106, 74, , 11, , 18
2022/3/25, 141, 77, , 10, 1, 17
2022/3/26, 142, 69, , 7, 2, 17
2022/3/27, 133, 76, 5, 92, 1, 16
2022/3/28, 145, 82, 22, 19, 3, 16
2022/3/29, 147, 79, 21, 11, 4, 16
2022/3/30, 145, 77, 22, 15, , 16
2022/3/31, 139, 140, 11, 12, 3, 17
2021/12/28, 36, 50, 6, 12, 2, 30
2021/12/29, 88, 96, 14, 14, 10, 32
2021/12/30, 159, 102, 7, 15, 3, 34
2021/12/31, 163, 89, 17, 17, 4, 35
2022/1/1, 154, 94, 16, 16, 3, 36
2022/1/2, 157, 100, 24, 13, 8, 37
2025/1/31, , 125, 21, 20, 9, 10
2025/2/9, , 121, 25, 19, 3, 9
2025/2/23, , 128, 7, 27, 12, 
2024/12/31, , 107, , 26, 4, 14
2025/1/6, , 116, 25, 22, 140, 14
2024/10/22, , 85, 13, , 5, 
2024/11/27, , 90, 17, 15, 8, 9
2024/12/17, , 120, 56, 29, 8, 14
2024/7/10, , 44, 2, 4, 1, 
2024/9/23, , 43, 10, 20, 7, 
2024/4/22, , 110, 14, 6, 13, 24
2024/4/28, , 117, 33, 5, 14, 
2024/5/12, , 64, 2, 3, 7, 
2024/6/26, , 17, 6, 2, 2, 
2024/1/19, , 164, 15, 3, 2, 14
2024/1/21, , 224, 20, 8, 7, 8
2023/10/8, , 119, 25, 8, 3, 36
2023/10/26, , 99, 18, 6, 4, 8
2023/10/30, , 72, 61, 7, 4, 12
2023/11/18, , 86, 16, 6, 4, 13
2023/11/21, , 87, 7, 7, 1, 13
2023/11/26, , 30, 4, 7, 2, 
2023/12/3, , 97, 36, 9, 3, 7
2023/12/8, , 93, 12, 9, 3, 11
2023/12/13, , 96, 22, 14, 2, 12
2023/7/23, , 17, 4, 1, 4, 3
2023/7/31, , 43, 6, 5, 3, 7
2023/8/20, , 47, 1, 2, 3, 6
2023/9/14, , 46, 3, 8, 1, 10
2023/4/2, , 74, 14, 9, 6, 8
2023/4/23, , 74, 10, 4, 13, 7
2023/5/15, , 58, 6, 16, 15, 13
2023/5/21, , 58, 15, 13, 9, 6
2023/6/5, , 65, 7, 12, 4, 43
2023/6/27, , 62, 5, 11, 22, 2
2023/1/9, , 162, 8, 28, , 10
2023/2/13, , 145, 50, 17, 8, 22
2023/3/20, , 33, 8, 10, 5, 7
2023/3/24, , 62, 13, 11, 2, 3
2022/10/6, , 22, 4, 3, 3, 13
2022/10/9, , 44, 6, 3, 2, 8
2022/10/11, , 51, 11, 3, 2, 18
2022/10/13, , 59, 27, 2, 6, 7
2022/10/23, , 118, , 6, 11, 14
2022/6/30, , 18, 12, 4, , 15
2022/9/15, , 26, 2, 2, , 
2022/9/19, , 34, 2, 5, , 
2022/9/25, , 46, 6, 3, 3, 
2022/9/29, , 68, 16, 6, 4, 4
2022/4/2, , 92, 11, 10, 1, 17
2022/6/2, , 73, 5, 12, , 9
2021/12/27, , 16, 16, 13, 2, 33
2022/5/31, , , 11, 13, , 6
2022/6/1, , , 21, 10, , 7