date, pm25, pm10, o3, no2, co
2025/3/1, 97, 87, 51, , 6
2025/3/2, 108, 91, 34, , 
2025/3/3, 111, 92, 24, , 
2025/3/4, 124, , , , 
2025/2/1, 93, , , , 
2025/2/3, 113, 77, 49, 15, 2
2025/2/4, 118, 87, 30, 14, 
2025/2/5, 123, 90, 28, 20, 7
2025/2/6, 148, 109, 56, 27, 
2025/2/7, 166, 137, 34, 41, 11
2025/2/8, 182, 99, 68, 23, 
2025/2/9, 171, 43, 54, 24, 
2025/2/10, 139, 82, 64, 12, 3
2025/2/11, 160, 76, 53, 14, 4
2025/2/12, 148, 98, 29, 27, 9
2025/2/13, 154, 91, 16, 27, 1
2025/2/14, 158, 86, 25, 1, 8
2025/2/15, 146, 84, 53, 1, 
2025/2/16, 137, 59, 39, 18, 5
2025/2/17, 90, 77, 21, 15, 
2025/2/18, 123, 86, 52, 17, 
2025/2/19, 143, 82, 60, 11, 10
2025/2/20, 147, 86, 27, 28, 
2025/2/21, 130, 91, 71, 32, 8
2025/2/22, 128, 99, 64, 26, 
2025/2/23, 111, 79, 57, 22, 
2025/2/24, 51, 86, 30, 20, 
2025/2/25, 113, 102, 68, 20, 9
2025/2/26, 157, 119, 98, 18, 
2025/2/27, 181, 106, 46, , 
2025/2/28, 157, 73, 24, , 
2025/1/1, 110, 53, 29, 13, 8
2025/1/2, 123, 68, 54, 23, 6
2025/1/3, 138, 68, 32, 30, 10
2025/1/4, 140, 86, 32, 33, 10
2025/1/5, 159, 65, 52, 15, 4
2025/1/6, 140, 77, 24, 13, 5
2025/1/7, 157, 74, 25, 18, 
2025/1/8, 156, 75, 57, 16, 8
2025/1/9, 150, 52, 22, 25, 
2025/1/10, 154, 51, 24, 10, 6
2025/1/11, 155, 51, 32, 12, 
2025/1/12, 148, 65, 43, 15, 
2025/1/13, 183, 108, 27, 20, 
2025/1/14, 177, 110, 45, 24, 
2025/1/15, 180, 105, 50, 16, 7
2025/1/16, 177, 108, 44, 42, 10
2025/1/17, 175, 102, 49, 29, 1
2025/1/18, 165, 109, 32, 18, 
2025/1/19, 173, 110, 59, 25, 
2025/1/20, 173, 111, 59, 25, 
2025/1/21, 172, 119, 66, 25, 11
2025/1/22, 183, 93, 57, 12, 6
2025/1/23, 157, 102, 54, 21, 7
2025/1/24, 161, 120, 66, 27, 
2025/1/25, 178, 121, 75, 20, 12
2025/1/26, 182, 107, 70, 16, 
2025/1/27, 175, 91, 31, 16, 10
2025/1/28, 158, 77, 49, 15, 
2025/1/29, 137, 105, 71, 17, 9
2025/1/30, 172, 67, 32, 11, 6
2025/1/31, 86, 64, 22, 12, 1
2024/10/1, 85, 59, 32, 9, 
2024/10/2, 140, 28, 23, 4, 6
2024/10/3, 76, 19, 16, 5, 
2024/10/4, 38, 26, 13, 12, 
2024/10/5, 56, 37, 44, 10, 6
2024/10/6, 69, 60, 33, 18, 
2024/10/7, 136, 79, 34, 19, 7
2024/10/8, 156, , , , 
2024/10/15, 90, 57, 22, 21, 8
2024/10/16, 110, 55, 19, 15, 
2024/10/17, 126, 50, 16, 12, 
2024/10/18, 120, 19, 99, 17, 1
2024/10/19, 46, 30, 26, 15, 6
2024/10/20, 68, 25, 6, 18, 7
2024/10/21, 64, 37, 20, 119, 
2024/10/22, 86, 48, 55, 93, 
2024/10/23, 109, 77, 69, 19, 11
2024/10/24, 159, 85, 35, 20, 11
2024/10/25, 164, 88, 79, 20, 
2024/10/26, 160, 92, 34, 18, 
2024/10/27, 158, 82, 24, 15, 
2024/10/28, 140, 65, 17, 11, 
2024/10/29, 100, 82, 46, 18, 12
2024/10/30, 124, 99, 56, 20, 
2024/10/31, 151, 95, 21, 15, 
2024/11/1, 139, 96, 26, 17, 10
2024/11/2, 140, 86, 65, 18, 7
2024/11/3, 138, 112, 63, 20, 8
2024/11/4, 144, 88, 79, 19, 
2024/11/5, 136, 83, 65, 24, 8
2024/11/6, 117, 87, 77, 18, 7
2024/11/7, 157, 88, 59, 20, 
2024/11/8, 164, 90, 22, 22, 7
2024/11/9, 164, 94, 45, 25, 5
2024/11/10, 164, 87, 16, 27, 4
2024/11/11, 167, 75, 16, 20, 1
2024/11/12, 161, 87, 31, 22, 
2024/11/13, 164, 82, 78, 43, 
2024/11/14, 157, 88, 46, 28, 
2024/11/15, 164, 99, 33, 25, 10
2024/11/16, 174, 93, 28, 18, 
2024/11/17, 183, 79, 55, 21, 7
2024/11/18, 155, 72, 32, 22, 
2024/11/19, 147, 76, 96, 16, 4
2024/11/20, 155, 95, 25, 31, 
2024/11/21, 154, 79, 77, 15, 2
2024/11/22, 166, 96, 83, 27, 
2024/11/23, 172, 106, 97, 23, 
2024/11/24, 176, 92, 63, 22, 
2024/11/25, 161, 81, 30, 23, 4
2024/11/26, 157, 73, 60, 25, 
2024/11/27, 152, 71, 46, 26, 2
2024/11/28, 150, 67, 25, 23, 
2024/11/29, 133, 76, 66, 20, 2
2024/11/30, 155, 141, 28, 20, 
2024/12/1, 165, 86, 73, 19, 10
2024/12/2, 172, 74, 22, 14, 2
2024/12/3, 159, 68, 54, 19, 
2024/12/4, 156, 75, 57, 22, 
2024/12/5, 162, 75, 61, 19, 
2024/12/6, 161, 62, 29, 14, 
2024/12/7, 134, 58, 27, 15, 1
2024/12/8, 106, 60, 46, 21, 
2024/12/9, 107, 66, 28, 20, 
2024/12/10, 112, 75, 30, 22, 
2024/12/11, 151, 72, 49, 22, 
2024/12/12, 152, 69, 47, 20, 4
2024/12/13, 144, 70, 60, 24, 3
2024/12/14, 141, 68, 64, 21, 4
2024/12/15, 141, 76, 76, 31, 
2024/12/16, 152, 87, 78, 47, 
2024/12/17, 159, 89, 45, 33, 5
2024/12/18, 163, 103, 81, 37, 6
2024/12/19, 174, 53, 11, 7, 
2024/12/20, 129, , , , 
2024/12/23, 163, 83, 57, 11, 
2024/12/24, 164, 95, 54, 13, 
2024/12/25, 175, 147, 49, 10, 
2024/12/26, 174, 82, 38, 15, 
2024/12/27, 164, 96, 48, 9, 
2024/12/28, 180, 91, 24, 12, 
2024/12/29, 176, , , , 
2024/7/1, 17, , , , 
2024/7/3, 53, 44, 4, , 7
2024/7/4, 61, 2, 10, , 10
2024/7/5, 67, 37, 12, 2, 8
2024/7/6, 52, 50, 12, 3, 9
2024/7/7, 69, 39, 9, 14, 7
2024/7/8, 63, 18, 3, 7, 8
2024/7/9, 12, , , , 
2024/7/11, 7, 32, 8, 4, 7
2024/7/12, 6, , , , 
2024/8/10, 3, , , , 
2024/8/12, 7, , , , 
2024/8/14, 8, , , , 
2024/8/18, 12, , , , 
2024/9/23, 27, , , , 
2024/9/25, 64, 6, 13, 3, 
2024/9/26, 48, 9, 11, 3, 
2024/9/27, 34, 9, 22, 5, 5
2024/9/28, 27, 6, 21, 8, 
2024/9/29, 31, 23, 16, 9, 6
2024/9/30, 58, 39, 18, 8, 
2024/4/1, 178, , , , 
2024/4/3, 244, 62, 14, 9, 3
2024/4/4, 170, 91, 41, 8, 6
2024/4/5, 107, , , , 
2024/4/10, 160, 71, 17, 11, 6
2024/4/11, 88, , , , 
2024/4/13, 154, 56, 14, 10, 3
2024/4/14, 152, 52, 10, 6, 7
2024/4/15, 91, , , , 
2024/4/25, 77, , , , 
2024/4/27, 172, 94, 61, 9, 9
2024/4/28, 201, 91, 41, 9, 5
2024/4/29, 101, 96, 51, 10, 7
2024/4/30, 104, 85, 34, 7, 5
2024/5/1, 85, 90, 32, 2, 5
2024/5/2, 154, 90, 28, 34, 4
2024/5/3, 155, 66, 11, 6, 9
2024/5/4, 120, 57, 17, 5, 14
2024/5/5, 103, 56, 17, 4, 13
2024/5/6, 97, 61, 12, 2, 11
2024/5/7, 67, 54, 24, 1, 13
2024/5/8, 95, 47, 25, 1, 14
2024/5/9, 79, 49, 12, 1, 11
2024/5/10, 80, 51, 12, 5, 11
2024/5/11, 75, , , , 
2024/5/13, 162, 73, 84, 21, 16
2024/5/14, 136, 66, 8, 28, 14
2024/5/15, 86, , , , 
2024/5/17, 117, 66, 13, 5, 8
2024/5/18, 116, 77, 26, 12, 10
2024/5/19, 93, 59, 10, 12, 9
2024/5/20, 73, 55, 12, 10, 11
2024/5/21, 89, 70, 18, 12, 8
2024/5/22, 70, 65, 19, 18, 11
2024/5/23, 119, 62, 10, 12, 11
2024/5/24, 76, 56, 8, 11, 9
2024/5/25, 98, 57, 19, 10, 12
2024/5/26, 73, 66, 15, 10, 10
2024/5/27, 80, 57, 8, 11, 10
2024/5/28, 65, 73, 8, 4, 8
2024/5/29, 128, 72, 15, 11, 8
2024/5/30, 80, 60, 14, 11, 9
2024/5/31, 67, 48, 8, 4, 2
2024/6/1, 83, 41, 10, 4, 3
2024/6/2, 77, 66, 9, 11, 3
2024/6/3, 117, 64, 19, 14, 8
2024/6/4, 139, 58, 5, 16, 12
2024/6/5, 54, 53, 5, 6, 11
2024/6/6, 41, 48, 16, 7, 13
2024/6/7, 21, 42, 8, 15, 9
2024/6/8, 42, 36, 8, 16, 10
2024/6/9, 23, , , , 
2024/6/11, 16, 37, 7, 9, 8
2024/6/12, 18, , , , 
2024/6/14, 34, 28, 12, 43, 9
2024/6/15, 21, 33, 9, 29, 8
2024/6/16, 24, 40, 5, 4, 7
2024/6/17, 17, 42, 6, 17, 9
2024/6/18, 37, 36, 12, 8, 8
2024/6/19, 20, 50, 6, 6, 9
2024/6/20, 11, 54, 5, 2, 10
2024/6/21, 26, 48, 7, 9, 11
2024/6/22, 28, 51, 8, 8, 8
2024/6/23, 41, 28, 17, 2, 9
2024/6/24, 20, 31, 6, 9, 9
2024/6/25, 30, 31, 16, 4, 9
2024/6/26, 22, 39, 15, 5, 9
2024/6/27, 13, 54, 15, 4, 9
2024/6/28, 23, 64, 9, 5, 10
2024/6/29, 22, 58, 5, 4, 10
2024/6/30, 27, 66, 9, 1, 8
2024/1/1, 53, 52, 61, 13, 14
2024/1/2, 47, 81, 64, , 6
2024/1/3, 142, 85, 2, , 9
2024/1/4, 156, , , , 
2024/1/9, 144, 77, 40, 61, 5
2024/1/10, 134, 130, 12, 62, 5
2024/1/11, 179, 110, 63, 57, 8
2024/1/12, 158, , , , 
2024/1/15, 107, 71, 50, 26, 1
2024/1/16, 107, 85, 43, 28, 1
2024/1/17, 154, 89, 24, 13, 1
2024/1/18, 150, 108, 33, 14, 2
2024/1/19, 167, 120, 20, 30, 5
2024/1/20, 172, , , , 
2024/1/22, 165, 97, 24, 13, 1
2024/1/23, 156, 98, 51, 32, 2
2024/1/24, 162, 95, 63, 31, 1
2024/1/25, 143, 109, 80, 34, 5
2024/1/26, 159, 101, 39, 28, 3
2024/1/27, 156, , , , 
2024/1/29, 177, 117, 19, , 2
2024/1/30, 157, , , , 
2024/2/2, 140, 103, 18, 9, 6
2024/2/3, 165, 138, 35, 16, 14
2024/2/4, 180, 117, 30, 23, 12
2024/2/5, 171, 109, 36, 16, 11
2024/2/6, 166, 99, 55, 14, 5
2024/2/7, 143, 109, 40, 30, 
2024/2/8, 149, 108, 38, 14, 1
2024/2/9, 166, 101, 24, 19, 5
2024/2/10, 163, 102, 25, 11, 5
2024/2/11, 163, 117, 45, 21, 5
2024/2/12, 158, 107, 40, 12, 5
2024/2/13, 162, , , , 
2024/2/15, 178, 168, 47, 32, 10
2024/2/16, 179, 188, 119, 42, 12
2024/2/17, 187, 91, 18, 7, 5
2024/2/18, 156, 97, 30, 28, 8
2024/2/19, 152, , , , 
2024/2/21, 44, 63, 22, 8, 6
2024/2/22, 128, 77, 14, 19, 7
2024/2/23, 92, 90, , 22, 6
2024/2/24, 158, 103, , 29, 3
2024/2/25, 125, 139, 98, 43, 8
2024/2/26, 160, 154, 44, 90, 8
2024/2/27, 189, 125, 32, 25, 12
2024/2/28, 161, 140, 24, 43, 7
2024/2/29, 183, 120, 34, 35, 9
2024/3/1, 172, 57, 8, 5, 9
2024/3/2, 116, 51, 14, 12, 7
2024/3/3, 91, 60, 32, 19, 6
2024/3/4, 81, 100, 62, 34, 8
2024/3/5, 128, 91, 62, 24, 7
2024/3/6, 190, 68, 49, 4, 5
2024/3/7, 68, 97, 22, 22, 2
2024/3/8, 141, 102, 45, 24, 1
2024/3/9, 206, 74, 35, 13, 1
2024/3/10, 180, 72, 16, 9, 1
2024/3/11, 169, 79, 17, 3, 1
2024/3/12, 194, , , , 
2024/3/19, 235, 94, 55, 22, 3
2024/3/20, 199, 115, 27, 14, 3
2024/3/21, 228, 95, 36, 13, 6
2024/3/22, 147, 77, 28, 5, 4
2024/3/23, 140, , , , 
2024/3/30, 104, 72, 35, 6, 4
2024/3/31, 172, 93, 37, 22, 3
2023/10/1, 120, 2, 31, 13, 24
2023/10/2, 9, 11, 32, 13, 21
2023/10/3, 30, 41, 30, 13, 21
2023/10/4, 105, 39, 23, 13, 22
2023/10/5, 99, 37, 10, 1, 22
2023/10/6, 96, 44, 8, , 24
2023/10/7, 106, 52, 11, , 23
2023/10/8, 114, 57, 11, 2, 25
2023/10/9, 138, 31, 11, 5, 24
2023/10/10, 80, 22, 7, 5, 26
2023/10/11, 62, 45, 19, 5, 28
2023/10/12, 95, 54, 16, 5, 30
2023/10/13, 127, 75, 31, 5, 16
2023/10/14, 153, 56, 20, 6, 2
2023/10/15, 135, 71, 18, 5, 68
2023/10/16, 159, 76, 12, 5, 52
2023/10/17, 159, 75, 13, 5, 10
2023/10/18, 150, 65, 18, 5, 8
2023/10/19, 150, 74, 30, 6, 9
2023/10/20, 158, 61, 18, 12, 8
2023/10/21, 105, 78, 30, 12, 8
2023/10/22, 140, 68, 16, 12, 8
2023/10/23, 120, 81, 24, 12, 7
2023/10/24, 139, 69, 23, 15, 7
2023/10/25, 122, 64, 12, 32, 5
2023/10/26, 111, 64, 27, 29, 2
2023/10/27, 112, 72, 53, 25, 3
2023/10/28, 128, 65, 56, 35, 2
2023/10/29, 114, 69, 60, 30, 3
2023/10/30, 122, 77, 50, 25, 5
2023/10/31, 137, 76, 61, 24, 15
2023/11/1, 177, 62, 52, 19, 16
2023/11/2, 117, 63, 37, 21, 17
2023/11/3, 113, 66, 32, 27, 17
2023/11/4, 120, 65, 46, 12, 18
2023/11/5, 118, 66, 45, 12, 17
2023/11/6, 119, 65, 54, 16, 17
2023/11/7, 118, 50, 27, 14, 18
2023/11/8, 91, 52, 53, 19, 20
2023/11/9, 90, 46, 36, 13, 19
2023/11/10, 80, 44, 5, 12, 19
2023/11/11, 76, , , , 
2023/11/19, 137, 52, 7, 22, 15
2023/11/20, 90, , , , 
2023/11/22, 98, 69, 47, 4, 15
2023/11/23, 146, 85, , 7, 16
2023/11/24, 159, 44, 21, 12, 17
2023/11/25, 76, 46, 19, 11, 17
2023/11/26, 73, , , , 
2023/11/30, 82, 72, 48, 4, 16
2023/12/1, 137, 64, 56, 4, 17
2023/12/2, 132, 67, 67, 4, 20
2023/12/3, 69, 70, 43, 12, 20
2023/12/4, 64, 69, 22, 5, 18
2023/12/5, 132, , , , 
2023/12/9, 113, 57, 22, 13, 16
2023/12/10, 116, 57, 19, 4, 18
2023/12/11, 111, 51, 22, 13, 15
2023/12/12, 45, , , , 
2023/12/14, 47, , , , 
2023/12/19, 136, 55, 9, 13, 14
2023/12/20, 85, 72, 30, 5, 16
2023/12/21, 142, 91, 20, 13, 17
2023/12/22, 129, 87, 52, 13, 20
2023/12/23, 158, 76, 60, 5, 19
2023/12/24, 150, 72, 30, 5, 16
2023/12/25, 150, 93, 95, 20, 20
2023/12/26, 164, 84, 36, 15, 17
2023/12/27, 101, 98, 13, 11, 17
2023/12/28, 119, 90, 26, 6, 18
2023/12/29, 162, 113, 11, 29, 21
2023/12/30, 70, 56, 79, 5, 17
2023/12/31, 105, 50, 80, 16, 20
2023/7/7, 538, 837, 33, 5, 
2023/7/8, 609, , 10, 3, 
2023/7/13, 609, 837, 9, 2, 
2023/7/14, 609, 837, 8, 3, 
2023/7/15, 609, 837, 9, 3, 
2023/7/16, 609, 837, 8, 3, 
2023/7/17, 609, 837, 8, 3, 
2023/7/18, 609, 837, 8, 3, 
2023/7/19, 609, , 8, 3, 
2023/8/25, 53, 21, 16, 5, 32
2023/8/26, 53, 21, 16, 5, 26
2023/8/27, 53, 21, 16, 5, 27
2023/8/28, 53, 21, 16, 5, 27
2023/8/29, 53, , 17, 5, 27
2023/8/31, 53, 21, 16, 5, 26
2023/9/1, 54, , 16, 5, 26
2023/9/6, 53, 21, 16, 5, 26
2023/9/7, 53, 21, 16, 5, 27
2023/9/8, 53, , 16, 5, 27
2023/9/11, 66, 17, 17, 5, 19
2023/9/12, 47, 18, 15, 5, 6
2023/9/13, 53, 24, 16, 12, 8
2023/9/14, 71, 23, 17, 29, 11
2023/9/15, 70, 25, 17, 25, 13
2023/9/16, 72, 36, 17, 21, 11
2023/9/17, 90, 37, 18, 18, 13
2023/9/18, 91, 43, 18, 15, 14
2023/9/19, 105, 33, 16, 13, 15
2023/9/20, 83, 18, 15, 11, 16
2023/9/21, 51, 14, 20, 10, 17
2023/9/22, 47, 17, 7, 9, 19
2023/9/23, 57, 14, 14, 9, 20
2023/9/24, 48, 18, 17, 8, 21
2023/9/25, 58, 32, 16, 8, 20
2023/9/26, 88, 38, 17, 5, 20
2023/9/27, 97, 45, 25, , 23
2023/9/28, 118, 57, 22, , 25
2023/9/29, 135, 36, 39, 3, 25
2023/9/30, 94, 48, 34, 13, 24
2023/4/3, 22, 4, 29, 3, 10
2023/4/4, 13, 21, 21, 4, 11
2023/4/5, 46, 53, 77, 4, 10
2023/4/6, 111, 67, 53, 6, 10
2023/4/7, 144, 69, 57, 10, 13
2023/4/8, 145, 85, 52, 12, 15
2023/4/9, 144, 64, 61, 8, 12
2023/4/10, 136, 46, 48, 3, 12
2023/4/11, 101, 50, 78, 4, 12
2023/4/12, 109, 51, 65, 2, 13
2023/4/13, 111, 54, 45, 2, 13
2023/4/14, 100, 50, 23, 5, 13
2023/4/15, 104, 41, 23, 2, 13
2023/4/16, 87, 40, 25, 3, 13
2023/4/17, 88, 43, 23, 2, 14
2023/4/18, 71, , , , 
2023/4/20, 83, 33, 26, 1, 14
2023/4/21, 76, 35, 20, 1, 14
2023/4/22, 73, 25, 28, 1, 20
2023/4/23, 61, 47, 36, 7, 30
2023/4/24, 96, 97, 36, 12, 
2023/4/25, 166, 97, 35, 12, 11
2023/4/26, 166, 38, 26, 9, 18
2023/4/27, 78, 31, 18, 4, 13
2023/4/28, 69, 31, 18, 4, 13
2023/4/29, 72, 20, 21, 4, 13
2023/4/30, 50, 21, 26, 4, 14
2023/5/1, 54, 25, 23, 4, 13
2023/5/2, 59, 30, 25, 3, 12
2023/5/3, 69, 33, 21, 5, 13
2023/5/4, 77, 33, 18, 7, 14
2023/5/5, 75, 34, 19, 7, 14
2023/5/6, 72, 28, 18, 6, 15
2023/5/7, 65, 37, 17, 4, 15
2023/5/8, 79, 41, 18, 3, 15
2023/5/9, 88, 59, 19, 3, 16
2023/5/10, 128, 59, 25, 4, 19
2023/5/11, 128, 53, 21, 3, 19
2023/5/12, 111, 34, 18, 2, 19
2023/5/13, 77, 12, 15, 2, 20
2023/5/14, 36, , , , 
2023/5/17, 174, 37, 19, 2, 19
2023/5/18, 77, 31, 22, 2, 19
2023/5/19, 70, , , , 
2023/5/22, 87, 35, 19, 2, 20
2023/5/23, 70, 36, 15, 2, 20
2023/5/24, 76, 49, 13, 2, 21
2023/5/25, 75, 30, 14, 3, 22
2023/5/26, 70, 21, 14, 2, 22
2023/5/27, 55, 18, 18, 1, 22
2023/5/28, 44, 21, 19, 2, 23
2023/5/29, 51, 19, 27, 2, 23
2023/5/30, 46, 26, 23, 2, 24
2023/5/31, 62, 29, 18, 2, 25
2023/6/1, 52, 20, 13, 3, 25
2023/6/2, 50, 10, 16, 2, 26
2023/6/3, 29, 16, 18, 1, 25
2023/6/4, 41, 19, 13, 2, 26
2023/6/5, 48, 24, 18, 3, 26
2023/6/6, 60, 26, 13, 2, 26
2023/6/7, 62, 20, 19, 3, 26
2023/6/8, 50, 13, 20, 2, 27
2023/6/9, 37, 10, 21, 3, 28
2023/6/10, 29, 8, 24, 3, 27
2023/6/11, 22, 17, 12, 3, 28
2023/6/12, 46, 25, 29, 2, 6
2023/6/13, 57, , , , 
2023/6/15, 77, 39, 14, 3, 14
2023/6/16, 84, 46, 15, 4, 12
2023/6/17, 71, 28, 15, 7, 12
2023/6/18, 65, 33, 11, 7, 13
2023/6/19, 72, 39, 11, 7, 13
2023/6/20, 79, 35, 13, 7, 17
2023/6/21, 74, 32, 11, 7, 16
2023/6/22, 69, 26, 12, 5, 16
2023/6/23, 60, 21, 15, 4, 16
2023/6/24, 48, 17, 14, 4, 18
2023/6/25, 39, 29, 18, 3, 15
2023/6/26, 63, 26, 15, 7, 20
2023/6/27, 61, 28, 20, 3, 16
2023/6/28, 58, , , , 
2023/1/2, 145, 78, 61, 14, 6
2023/1/3, 150, 75, 39, 14, 6
2023/1/4, 146, 96, 47, 14, 8
2023/1/5, 167, 91, 36, 14, 8
2023/1/6, 159, 134, 30, 13, 7
2023/1/7, 173, 75, 19, 12, 6
2023/1/8, 148, 60, 34, 12, 4
2023/1/9, 120, 65, 69, 12, 4
2023/1/10, 127, 83, 70, 12, 5
2023/1/11, 144, 63, 52, 12, 3
2023/1/12, 128, 78, 28, 12, 1
2023/1/13, 140, 84, 53, 12, 
2023/1/14, 154, 84, 71, 12, 5
2023/1/15, 157, 83, 82, 12, 6
2023/1/16, 157, 85, 83, 12, 7
2023/1/17, 159, 98, 76, 12, 9
2023/1/18, 172, 101, 78, 10, 9
2023/1/19, 174, 80, 70, 5, 3
2023/1/20, 155, 66, 73, 4, 3
2023/1/21, 137, 67, 58, 3, 2
2023/1/22, 135, 67, 57, 4, 1
2023/1/23, 136, 71, 62, 3, 1
2023/1/24, 146, 102, 74, 4, 2
2023/1/25, 165, 104, 58, 4, 5
2023/1/26, 164, 96, 47, 5, 8
2023/1/27, 167, 63, 52, 5, 5
2023/1/28, 115, 77, 44, 6, 14
2023/1/29, 146, 73, 70, 4, 4
2023/1/30, 142, 98, 69, 5, 6
2023/1/31, 163, 83, 48, 5, 11
2023/2/1, 157, , , , 
2023/2/4, 148, 83, 76, 2, 4
2023/2/5, 160, 72, 69, 6, 3
2023/2/6, 147, 67, 72, 8, 1
2023/2/7, 138, 88, 74, 8, 3
2023/2/8, 164, 90, 62, 8, 3
2023/2/9, 164, 68, 69, 8, 3
2023/2/10, 143, 52, 63, 8, 3
2023/2/11, 107, 73, 83, 8, 5
2023/2/12, 145, 74, 70, 8, 2
2023/2/13, 150, 75, 75, 8, 3
2023/2/14, 148, 81, 71, 8, 5
2023/2/15, 156, 87, 74, 8, 6
2023/2/16, 160, 84, 81, 8, 5
2023/2/17, 160, 90, 79, 8, 5
2023/2/18, 164, 78, 64, 8, 4
2023/2/19, 155, 64, 64, 8, 4
2023/2/20, 134, 75, 56, 8, 5
2023/2/21, 141, 53, 41, 8, 2
2023/2/22, 111, 73, 69, 8, 4
2023/2/23, 150, 77, 68, 8, 4
2023/2/24, 152, 70, 78, 8, 3
2023/2/25, 149, 82, 64, 8, 4
2023/2/26, 159, 84, 19, 9, 7
2023/2/27, 162, 66, 51, 8, 2
2023/2/28, 129, 73, 54, 8, 4
2023/3/1, 142, 94, 52, 8, 9
2023/3/2, 167, 113, 58, 8, 13
2023/3/3, 181, 114, 57, 8, 13
2023/3/4, 182, 121, 69, 8, 13
2023/3/5, 182, 109, 61, 8, 9
2023/3/6, 173, 67, 46, 8, 4
2023/3/7, 126, 60, 57, 8, 6
2023/3/8, 124, 75, 64, 8, 5
2023/3/9, 148, 60, 59, 8, 3
2023/3/10, 123, 74, 73, 8, 6
2023/3/11, 144, 84, 56, 8, 8
2023/3/12, 159, 91, 59, 8, 10
2023/3/13, 161, 85, 60, 8, 8
2023/3/14, 154, 61, 49, 8, 6
2023/3/15, 125, 57, 40, 8, 7
2023/3/16, 118, 67, 41, 8, 7
2023/3/17, 121, 56, 35, 8, 6
2023/3/18, 111, 39, 27, 8, 5
2023/3/19, 82, 59, 23, 8, 3
2023/3/20, 94, 27, 22, 3, 4
2023/3/21, 61, 35, 23, 6, 5
2023/3/22, 78, 36, 23, 6, 5
2023/3/23, 77, 31, 25, 6, 6
2023/3/24, 70, 41, 41, 6, 5
2023/3/25, 86, 39, 39, 2, 4
2023/3/26, 81, , , , 
2023/3/28, 133, 62, 34, 4, 7
2023/3/29, 130, 37, 27, 4, 7
2023/3/30, 82, 35, 22, 3, 8
2023/3/31, 80, , , , 
2022/10/1, 101, 10, 5, 23, 9
2022/10/2, 27, 27, 6, 42, 8
2022/10/3, 61, 39, 8, 23, 9
2022/10/4, 82, 38, 21, 22, 10
2022/10/5, 79, 21, 14, 43, 10
2022/10/6, 54, 26, 11, 23, 9
2022/10/7, 61, 15, 10, 44, 10
2022/10/8, 38, 13, 4, 23, 9
2022/10/9, 33, 43, 7, 25, 11
2022/10/10, 87, 40, 9, 43, 12
2022/10/11, 82, 46, 8, 47, 14
2022/10/12, 97, 57, 5, 26, 15
2022/10/13, 117, 48, 5, 45, 13
2022/10/14, 93, 48, 7, 25, 16
2022/10/15, 95, 63, 28, 45, 12
2022/10/16, 119, , , , 
2022/10/24, 95, 46, 24, 45, 15
2022/10/25, 88, 55, 19, 45, 15
2022/10/26, 102, 60, 23, 46, 15
2022/10/27, 114, 54, 23, 46, 14
2022/10/28, 104, 58, 12, 46, 13
2022/10/29, 108, 50, 18, 48, 11
2022/10/30, 96, 56, 23, 54, 12
2022/10/31, 109, 57, 26, 59, 12
2022/11/1, 109, 52, 31, 59, 12
2022/11/2, 95, 51, 21, 61, 13
2022/11/3, 99, 57, 15, 58, 13
2022/11/4, 111, 59, 25, 52, 9
2022/11/5, 111, 74, 22, 52, 3
2022/11/6, 133, 72, 29, 52, 3
2022/11/7, 139, 71, 23, 50, 3
2022/11/8, 139, 79, 27, 49, 4
2022/11/9, 146, 76, 19, 51, 4
2022/11/10, 142, 68, 19, 49, 2
2022/11/11, 133, 65, 26, 48, 1
2022/11/12, 129, 68, 35, 45, 1
2022/11/13, 131, 76, 43, 42, 3
2022/11/14, 147, 89, 39, 21, 5
2022/11/15, 157, 77, 24, 16, 4
2022/11/16, 141, 70, 22, 15, 1
2022/11/17, 132, 60, 19, 29, 1
2022/11/18, 115, 59, 25, 33, 1
2022/11/19, 113, 66, 28, 32, 1
2022/11/20, 127, 61, 38, 34, 
2022/11/21, 118, 75, 36, 32, 1
2022/11/22, 142, 80, 40, 35, 3
2022/11/23, 144, 82, 34, 32, 3
2022/11/24, 156, 87, 24, 35, 4
2022/11/25, 159, 100, 26, 34, 7
2022/11/26, 171, 95, 33, 34, 6
2022/11/27, 165, 70, 30, 33, 5
2022/11/28, 142, 68, 28, 32, 3
2022/11/29, 139, 91, 30, 34, 7
2022/11/30, 165, 86, 35, 33, 4
2022/12/1, 160, 92, 27, 33, 7
2022/12/2, 162, 84, 27, 31, 4
2022/12/3, 158, 93, 30, 31, 6
2022/12/4, 162, 94, 9, 30, 8
2022/12/5, 167, 100, , 32, 9
2022/12/6, 171, 97, 26, 31, 9
2022/12/7, 169, 92, 18, 35, 8
2022/12/8, 164, 69, 25, 33, 3
2022/12/9, 134, 68, 28, 36, 3
2022/12/10, 135, 76, 26, 33, 5
2022/12/11, 150, 79, 13, 33, 4
2022/12/12, 138, , , , 
2022/12/15, 75, 45, 18, 6, 3
2022/12/16, 90, 33, 18, 9, 3
2022/12/17, 69, 38, 27, 11, 3
2022/12/18, 73, 27, 33, 11, 2
2022/12/19, 60, 43, 48, 12, 4
2022/12/20, 85, 87, 40, 12, 7
2022/12/21, 159, 93, 57, 13, 8
2022/12/22, 163, 100, 37, 13, 7
2022/12/23, 163, 72, 37, 13, 4
2022/12/24, 134, 89, 32, 13, 5
2022/12/25, 156, 80, 62, 13, 6
2022/12/26, 150, 100, 60, 13, 7
2022/12/27, 171, 82, 58, 13, 7
2022/12/28, 155, 92, 43, 14, 9
2022/12/29, 164, 123, 64, 14, 7
2022/12/30, 179, 69, 36, 13, 5
2022/12/31, 135, 69, 46, 14, 4
2023/1/1, 121, 71, 57, 13, 5
2022/7/1, 78, 68, 8, 1, 3
2022/7/2, 143, 62, 9, , 4
2022/7/3, 137, 49, 10, , 4
2022/7/4, 108, 48, 5, , 4
2022/7/5, 106, 49, 10, , 3
2022/7/6, 108, 56, 10, , 4
2022/7/7, 126, 49, 12, 1, 4
2022/7/8, 107, 44, 13, 3, 5
2022/7/9, 92, 44, 14, 3, 6
2022/7/10, 89, 46, 14, 3, 6
2022/7/11, 97, 29, 7, 3, 8
2022/7/12, 61, , , , 
2022/7/14, 75, 50, 8, 4, 6
2022/7/15, 110, 53, 14, 5, 1
2022/7/16, 117, 41, 10, 14, 2
2022/7/17, 93, 37, 6, 5, 1
2022/7/18, 81, 41, 7, 5, 2
2022/7/19, 87, 28, 13, 16, 2
2022/7/20, 66, 25, 9, 12, 2
2022/7/21, 62, 37, 14, 3, 3
2022/7/22, 84, 30, 14, 3, 5
2022/7/23, 69, 23, 6, 2, 5
2022/7/24, 59, 24, 6, , 6
2022/7/25, 60, 24, 6, 6, 5
2022/7/26, 62, 23, 10, 11, 6
2022/7/27, 57, 36, 5, 2, 6
2022/7/28, 80, 31, 9, 4, 6
2022/7/29, 69, 25, 9, , 5
2022/7/30, 58, 16, 5, , 5
2022/7/31, 40, 11, 11, 3, 6
2022/8/1, 28, 8, 12, , 6
2022/8/2, 23, 10, 12, 1, 7
2022/8/3, 29, 9, 8, 1, 7
2022/8/4, 29, 9, 6, 2, 6
2022/8/5, 27, , , , 
2022/8/8, 29, 31, 17, 3, 
2022/8/9, 73, , , , 
2022/8/12, 107, 41, 13, 19, 
2022/8/13, 94, , , , 
2022/8/18, 59, 20, 12, 21, 2
2022/8/19, 54, 18, 12, 22, 1
2022/8/20, 51, 21, 12, 23, 2
2022/8/21, 52, 23, 11, 22, 1
2022/8/22, 58, 20, 12, 24, 3
2022/8/23, 54, 22, 12, 23, 2
2022/8/24, 56, 26, 11, 27, 3
2022/8/25, 64, 31, 12, 15, 2
2022/8/26, 70, 50, 11, 31, 3
2022/8/27, 100, 40, 11, 31, 3
2022/8/28, 84, 32, 4, 16, 3
2022/8/29, 70, 56, 15, 33, 4
2022/8/30, 115, 50, 19, 32, 4
2022/8/31, 101, 39, 8, 18, 6
2022/9/1, 81, 55, 9, 17, 6
2022/9/2, 112, 41, 25, 36, 7
2022/9/3, 88, 28, 12, 18, 6
2022/9/4, 61, 21, 3, 18, 5
2022/9/5, 52, 25, 4, 37, 5
2022/9/6, 55, 36, 7, 34, 5
2022/9/7, 77, , , , 
2022/9/12, 91, 10, 10, 20, 7
2022/9/13, 30, 13, 20, 32, 6
2022/9/14, 38, 18, 8, 31, 6
2022/9/15, 48, 20, 8, 34, 6
2022/9/16, 53, 19, 12, 35, 6
2022/9/17, 51, 11, 7, 37, 7
2022/9/18, 31, 23, 5, 43, 8
2022/9/19, 56, 33, 6, 44, 9
2022/9/20, 73, 27, 3, 44, 7
2022/9/21, 62, 43, 2, 24, 8
2022/9/22, 85, 37, 3, 45, 8
2022/9/23, 80, 20, 7, 42, 9
2022/9/24, 38, 16, 10, 43, 7
2022/9/25, 33, 20, 7, 44, 7
2022/9/26, 48, 26, 3, 23, 8
2022/9/27, 62, 53, 11, 47, 9
2022/9/28, 103, 48, 18, 42, 8
2022/9/29, 98, 51, 19, 43, 8
2022/9/30, 106, 50, 10, 43, 10
2022/4/1, 130, 60, 9, 19, 7
2022/4/2, 127, 48, 18, 4, 8
2022/4/3, 103, 43, 18, 19, 8
2022/4/4, 95, 57, 21, 4, 6
2022/4/5, 99, 37, 21, 4, 5
2022/4/6, 78, 39, 28, 19, 6
2022/4/7, 89, 36, 25, 18, 6
2022/4/8, 78, 39, 21, 4, 6
2022/4/9, 82, 37, 11, 19, 5
2022/4/10, 73, 52, 25, 4, 5
2022/4/11, 95, 31, 17, 4, 6
2022/4/12, 71, 45, 22, 4, 7
2022/4/13, 92, 34, 13, 19, 6
2022/4/14, 71, 47, 21, 4, 7
2022/4/15, 97, , , , 
2022/4/18, 63, 40, 11, 4, 6
2022/4/19, 84, 29, 10, 4, 6
2022/4/20, 67, , , , 
2022/4/29, 90, 35, 21, 19, 8
2022/4/30, 78, 29, 14, 4, 7
2022/5/1, 69, 35, 15, 19, 7
2022/5/2, 77, 50, 16, 19, 7
2022/5/3, 101, 55, 17, 19, 7
2022/5/4, 113, 63, 18, 18, 7
2022/5/5, 137, 95, 8, 19, 7
2022/5/6, 169, 92, 18, 4, 9
2022/5/7, 168, 56, 9, 22, 11
2022/5/8, 124, 59, 12, 5, 9
2022/5/9, 97, 39, 4, 19, 11
2022/5/10, 66, 34, 6, 5, 9
2022/5/11, 78, 50, 13, 18, 11
2022/5/12, 102, 28, 12, 19, 10
2022/5/13, 67, 29, 8, 19, 10
2022/5/14, 63, 30, 5, 18, 10
2022/5/15, 66, 36, 26, 18, 7
2022/5/16, 76, 38, 27, 19, 5
2022/5/17, 82, 56, 15, 19, 5
2022/5/18, 110, 92, 24, 18, 5
2022/5/19, 156, 104, 12, , 5
2022/5/20, 176, 79, 9, , 4
2022/5/21, 158, 50, 8, , 4
2022/5/22, 103, 35, 3, , 3
2022/5/23, 76, 40, 8, , 4
2022/5/24, 83, 44, 7, , 4
2022/5/25, 92, 50, 7, , 5
2022/5/26, 106, 38, 7, , 4
2022/5/27, 80, 32, 8, , 5
2022/5/28, 70, 37, 4, , 4
2022/5/29, 77, 48, 8, , 4
2022/5/30, 99, 51, 4, , 4
2022/5/31, 107, 53, 9, , 4
2022/6/1, 112, 59, 10, , 4
2022/6/2, 127, 61, 5, , 4
2022/6/3, 133, 48, 7, , 5
2022/6/4, 99, 38, 10, , 5
2022/6/5, 83, 39, 9, , 5
2022/6/6, 83, 34, 9, , 5
2022/6/7, 76, 18, 9, , 5
2022/6/8, 47, 17, 10, , 6
2022/6/9, 43, 27, 4, , 6
2022/6/10, 58, 14, 3, , 6
2022/6/11, 36, 9, 5, , 7
2022/6/12, 26, 23, 3, , 6
2022/6/13, 55, 35, 6, , 6
2022/6/14, 78, 34, 7, , 7
2022/6/15, 75, 32, 3, , 6
2022/6/16, 70, 34, 7, , 7
2022/6/17, 74, 28, 2, 7, 7
2022/6/18, 67, 17, 3, 8, 8
2022/6/19, 44, 14, 3, 3, 8
2022/6/20, 39, 26, 3, 4, 8
2022/6/21, 54, 35, 4, 7, 7
2022/6/22, 65, 29, 10, 4, 9
2022/6/23, 59, 30, 5, 10, 9
2022/6/24, 68, 15, 8, 3, 9
2022/6/25, 38, 21, 4, 4, 8
2022/6/26, 54, 27, 6, 6, 9
2022/6/27, 64, 31, 8, 8, 10
2022/6/28, 68, 93, 8, 3, 6
2022/6/29, 126, 22, 4, 5, 3
2022/6/30, 49, 34, 5, 7, 4
2022/1/3, 80, 70, 33, 16, 6
2022/1/4, 145, 91, 20, 7, 6
2022/1/5, 156, 63, 23, 16, 4
2022/1/6, 124, 81, 27, 16, 5
2022/1/7, 152, 49, 14, 6, 4
2022/1/8, 108, 30, 14, 6, 3
2022/1/9, 67, 38, 25, 7, 3
2022/1/10, 82, 61, 20, 6, 5
2022/1/11, 124, 55, 19, 5, 4
2022/1/12, 113, 65, 22, 4, 5
2022/1/13, 138, 70, 23, 4, 6
2022/1/14, 143, 67, 25, 18, 5
2022/1/15, 135, 62, 14, 4, 5
2022/1/16, 125, 60, 11, 4, 5
2022/1/17, 122, 64, 17, 4, 5
2022/1/18, 132, 65, 52, 18, 6
2022/1/19, 136, 47, 21, 7, 4
2022/1/20, 99, 34, 8, 10, 4
2022/1/21, 76, 38, 15, 7, 4
2022/1/22, 84, 338, 18, 10, 2
2022/1/23, 304, 146, 37, 16, 3
2022/1/24, 210, 116, 23, 9, 5
2022/1/25, 182, 102, 37, 6, 5
2022/1/26, 176, 80, 18, 4, 6
2022/1/27, 157, 70, 14, 4, 5
2022/1/28, 151, 65, 14, 4, 4
2022/1/29, 140, 67, 18, 4, 6
2022/1/30, 143, 66, 45, 4, 6
2022/1/31, 139, 59, 33, 4, 5
2022/2/1, 127, , , , 
2022/2/4, 178, , , , 
2022/2/7, 130, 40, 26, 19, 4
2022/2/8, 83, 49, 20, 5, 4
2022/2/9, 105, 66, 21, 5, 6
2022/2/10, 141, 74, 15, 4, 6
2022/2/11, 144, 64, 17, 6, 6
2022/2/12, 132, 62, 34, 4, 6
2022/2/13, 127, 54, 26, 17, 7
2022/2/14, 113, 42, 30, 17, 5
2022/2/15, 82, 22, 9, 5, 4
2022/2/16, 57, 34, 9, 4, 5
2022/2/17, 77, 46, 13, 6, 6
2022/2/18, 96, 67, 25, 5, 6
2022/2/19, 139, 67, 37, 18, 6
2022/2/20, 140, 77, 48, 4, 7
2022/2/21, 154, 73, 12, 4, 6
2022/2/22, 138, 66, 18, 4, 8
2022/2/23, 138, 83, 55, 4, 7
2022/2/24, 162, 118, 67, 4, 8
2022/2/25, 186, 100, 32, 4, 7
2022/2/26, 174, 88, 28, 4, 6
2022/2/27, 166, 99, 30, 4, 8
2022/2/28, 172, 91, 56, 5, 7
2022/3/1, 167, 96, 20, 19, 8
2022/3/2, 169, 97, 23, 4, 9
2022/3/3, 170, 83, 21, 5, 7
2022/3/4, 160, 90, 42, 18, 7
2022/3/5, 166, 90, 21, 4, 10
2022/3/6, 165, 77, 17, 4, 8
2022/3/7, 154, 91, 14, 4, 8
2022/3/8, 162, 104, 39, 5, 11
2022/3/9, 175, 92, 29, 4, 10
2022/3/10, 165, 93, 37, 4, 10
2022/3/11, 167, 54, 52, 4, 8
2022/3/12, 105, 62, 26, 18, 9
2022/3/13, 124, 61, 43, 5, 8
2022/3/14, 121, 72, 22, 4, 9
2022/3/15, 139, 69, 22, 4, 7
2022/3/16, 130, 59, 39, 18, 7
2022/3/17, 111, 59, 36, 4, 9
2022/3/18, 119, 53, 9, 3, 7
2022/3/19, 102, 54, 15, 18, 6
2022/3/20, 111, 82, 19, 18, 7
2022/3/21, 153, 70, 18, 4, 8
2022/3/22, 139, 64, 14, 4, 6
2022/3/23, 130, , , , 
2022/3/29, 126, 35, 13, 4, 7
2022/3/30, 76, 72, 11, 4, 7
2022/3/31, 107, 61, 17, 4, 7
2021/12/28, 146, 53, 28, 4, 2
2021/12/29, 111, 70, 10, 4, 4
2021/12/30, 143, 73, 11, 10, 5
2021/12/31, 147, 65, 11, 8, 6
2022/1/1, 132, 22, 15, 7, 5
2022/1/2, 48, 39, 17, 6, 6
2025/2/2, , 84, 43, 9, 1
2024/12/31, , 39, 29, 7, 5
2024/10/14, , 46, 42, 17, 8
2024/12/22, , 79, 37, 10, 
2024/7/2, , 67, 4, , 6
2024/7/10, , 22, 3, 5, 6
2024/8/9, , 7, 1, , 
2024/8/11, , 13, 3, 1, 1
2024/8/13, , 17, , , 2
2024/8/17, , 9, , , 1
2024/9/22, , 6, 4, 1, 1
2024/9/24, , 23, 25, 4, 4
2024/4/2, , 105, 30, 13, 6
2024/4/9, , 55, 35, 2, 8
2024/4/12, , 54, 23, 10, 2
2024/4/24, , 65, 13, 8, 5
2024/4/26, , 74, 58, 9, 9
2024/5/12, , 90, 23, 14, 14
2024/5/16, , 67, 27, 7, 11
2024/6/10, , 29, 13, 3, 11
2024/6/13, , 34, 5, 4, 8
2024/1/8, , 73, 58, 56, 8
2024/1/14, , 50, 34, 27, 2
2024/1/21, , 104, 77, 22, 2
2024/1/28, , 130, 5, 68, 3
2024/2/1, , 70, , 27, 1
2024/2/14, , 132, 79, 25, 6
2024/2/20, , 4, 9, 11, 
2024/3/18, , 93, 19, 3, 3
2024/3/29, , 89, 31, 6, 4
2023/11/18, , 68, 20, 12, 16
2023/11/21, , 63, 22, 12, 15
2023/11/29, , 40, 23, 12, 14
2023/12/8, , 56, 43, 12, 19
2023/12/13, , 58, 64, 11, 14
2023/12/18, , 67, 11, 5, 20
2023/7/6, , 672, 13, 8, 12
2023/7/12, , 837, , , 
2023/8/24, , 20, , , 
2023/8/30, , 21, , , 
2023/9/5, , 21, , , 
2023/9/10, , 24, 16, 5, 26
2023/4/2, , 7, 27, 5, 10
2023/4/19, , 37, 35, 2, 16
2023/5/16, , 62, 20, 3, 20
2023/5/21, , 44, 25, 2, 20
2023/6/14, , 34, 11, 3, 18
2023/2/3, , 84, 74, 6, 4
2023/3/27, , 60, 43, 2, 12
2022/10/23, , 50, 4, 48, 16
2022/12/14, , 36, 21, 11, 4
2022/7/13, , 39, 14, 4, 7
2022/8/7, , 11, 15, 5, 
2022/8/11, , 49, 12, 6, 3
2022/8/17, , 21, 11, 10, 1
2022/9/11, , 58, 10, 20, 7
2022/4/17, , 31, 23, 4, 5
2022/4/28, , 42, 10, 4, 7
2022/2/3, , 107, 23, 16, 3
2022/2/6, , 60, 27, 4, 4
2022/3/28, , 70, 22, 4, 7
2021/12/27, , 69, 14, 4, 1
2023/7/20, , , 8, 3, 
2023/7/21, , , 8, 2, 
2023/7/22, , , 8, 2, 
2023/7/23, , , 8, 3, 
2023/7/24, , , 8, 3, 
2023/7/25, , , 8, 3, 
2023/9/9, , , 16, 5, 27